accuracy,n_correct,n_total,f1,sensitivity,specificity,auc,tp,tn,fp,fn,proba_min,proba_max,proba_mean,proba_std,seed,total_time_s
0.4166666666666667,10,24,0.3636363636363636,0.3333333333333333,0.5,0.33333333333333337,4,6,6,8,0.053363773971796036,0.9798069000244141,0.5141501142643392,0.23259619283359242,42,19.545522212982178
0.5416666666666666,13,24,0.4761904761904762,0.4166666666666667,0.6666666666666666,0.5416666666666667,5,8,4,7,0.017261840403079987,0.9613797068595886,0.4468442775929968,0.2518811886058392,1042,19.291874885559082
0.5,12,24,0.5,0.5,0.5,0.3472222222222222,6,6,6,6,0.020748823881149292,0.9867591261863708,0.5022077600782117,0.3061834675403705,2042,19.593657970428467
0.4583333333333333,11,24,0.43478260869565216,0.4166666666666667,0.5,0.47916666666666663,5,6,6,7,0.023704154416918755,0.9497140645980835,0.4488962428489079,0.26495802542359215,3042,19.334176063537598
0.375,9,24,0.2105263157894737,0.16666666666666666,0.5833333333333334,0.4375,2,7,5,10,0.058977529406547546,0.9724207520484924,0.41957880432407063,0.27702559598323573,4042,19.57698106765747
